username,email,password,postcode
Randy Eppson,test1@slp.com,123,KT10 0AA
Lisabeth De Paoli,test2@slp.com,123,GU11AF
Amelia Teasey,test3@slp.com,123,GU11AF
Caryl Sanderson,test4@slp.com,123,RH1 6AX
Petronille D'Ugo,test5@slp.com,123,RH1 6AX
Mar Jime,test6@slp.com,123,GU24 8EX
Lissie Uridge,test7@slp.com,123,TW15 1AL
Holly Broad,test8@slp.com,123,GU12 5RH
Reinold Hiscoe,test9@slp.com,123,RH89NJ
Beale Broadbere,test10@slp.com,123,GU7 1AA
Beale Broadbere,test11@slp.com,123,GU7 1AA
Guillema McKevin,gmckevinb@stanford.edu,123,KT10 0BY
Morganne Walls,mwallsc@flavors.me,123,KT10 0SA
Waiter Tynnan,wtynnand@facebook.com,123,KT10 0SA
Veriee Dady,vdadye@usnews.com,123,KT10 0SA
Christi Bowstead,cbowsteadf@cbsnews.com,123,KT17 1BD
Kayley Girt,kgirtg@google.com.au,123,KT171DP
Lazaro Roskeilly,lroskeillyh@people.com.cn,123,KT17 1QE
Sherwood Greenlees,sgreenleesi@google.nl,123,KT17 1BZ
Nissie Pringer,npringerj@howstuffworks.com,123,KT171AQ
Christabel Solloway,csollowayk@soundcloud.com,123,GU11DX
Bobbi Klemps,bklempsl@mac.com,123,GU11EP
Cleve Clothier,cclothierm@hostgator.com,123,GU1 1EX
Deeann Whether,dwhethern@yandex.ru,123,GU1 1HD
Colas Saxelby,csaxelbyo@slate.com,123,KT18 6AD
Finley Swine,fswinep@icio.us,123,KT18 6AD
Meredithe Janks,mjanksq@msu.edu,123,KT18 6AG
Alasdair Cowlam,acowlamr@howstuffworks.com,123,KT18 6BH
Brigitta Bonnier,bbonniers@wordpress.com,123,RH2 0AU
Franzen Kiddell,fkiddellt@pinterest.com,123,RH2 0BL
Blake Padberry,bpadberryu@marketwatch.com,123,RH2 0DH
Thomas Kibbe,tkibbev@ehow.com,123,RH2 0DE
Wynne McVity,wmcvityw@newyorker.com,123,GU25 4AA
Killian Mannion,kmannionx@amazon.co.jp,123,GU25 4AB
Olav Zorzini,ozorziniy@archive.org,123,GU25 4AD
Kalle De Vuyst,kdez@guardian.co.uk,123,TW15 1AP
Jeniffer Koppen,jkoppen10@jigsy.com,123,TW15 1AP
Suzanne Guilliland,sguilliland11@google.com.au,123,TW15 1AQ
Eada Offell,eoffell12@quantcast.com,123,TW15 1AQ
Garrik Dumbleton,gdumbleton13@vimeo.com,123,GU15 1AB
Marybeth Kaye,mkaye14@tinyurl.com,123,RH89NJ
Cornela Calladine,ccalladine15@latimes.com,123,RH89NP
Berni Caslett,bcaslett16@google.co.uk,123,RH8 9NY
Dorothy Driutti,ddriutti17@harvard.edu,123,GU7 1AB
Elisabetta MacGauhy,emacgauhy18@theatlantic.com,123,GU7 1AD
Kassey Sickling,ksickling19@themeforest.net,123,GU7 1AE
Estella Sertin,esertin1a@constantcontact.com,123,GU18 5WU
Cinnamon Verrico,cverrico1b@kickstarter.com,123,GU7 1AE
Christine Benns,cbenns1c@umn.edu,123,GU213AR
Hendrick Bedborough,hbedborough1d@chron.com,123,GU213BH
